place_key	poi_source_id	verdict	note
P0044	tour-126534	not	「대학로」 는 동숭동 일대 거리 전체 — 관광 데이터가 대표 주소로 공원 주소를 붙였다. 마로니에공원은 따로 묶인다 (권호 2026-10-09)
P0065	metro-2111_S1121	not	역과 육교는 다른 시설 — 네이버 지도에 육교는 없다 (권호 2026-10-09)
nv11576171	tour-229901	not	코엑스(건물 전체)와 K팝 스퀘어(앞 광장 전광판)는 다르다 (권호 2026-10-09)
nv18694135	tour-264311	same	명동거리 = 명동, 명동으로 본다 (권호 2026-10-09)
nv36733772	tour-2745995	same	같은 벽화마을. 촬영지 주소를 화서문로72번길 9-7 로 고쳤다(전: 화서문로 82-6) (권호 2026-10-09)
nv13299765	MA0101202601A0032831	not	「낙산」 은 음식점 — 공원과 다르다(네이버 지도에도 없다) (권호 2026-10-09)
P0038	tour-2948061	same	같은 극장 (권호 2026-10-09)
nv21301859	tour-2554180	same	네이버 지도 「배다리헌책방거리」. 촬영지 주소를 금곡로 18-10 으로 고쳤다(전: 금곡로 7-1) (권호 2026-10-09)
nv1220976474	tour-3033047	same	촬영지 주소를 화서문로 43 으로 고쳤다(전: 화서문로 48) (권호 2026-10-09)
nv1764383386	tour-2689322	same	같은 쇼핑몰. 관광공사 편의시설의 주소(33-3)·검색으로 찾은 네이버 링크(38242826)가 틀렸고 촬영지(33-1, nv1764383386)가 맞다 — 묶어서 촬영지가 대표(권호 2026-10-10)
nv20099479	tour-126991	same	고산정 ↔ 고산정 — 네이버 장소 번호 일치 (권호 2026-10-10)
nv1994273574	tour-2708154	same	이가리 닻 전망대 ↔ 이가리 닻 전망대 — 네이버 장소 번호 일치 (권호 2026-10-10)
nv15823787	tour-988449	same	월영교 ↔ 월영교 — 네이버 장소 번호 일치 (권호 2026-10-10)
nv19028678	tour-2714856	same	용양봉저정공원 ↔ 용양봉저정공원 — 네이버 장소 번호 일치 (권호 2026-10-10)
nv13491076	tour-127131	same	호미곶해맞이광장 ↔ 호미곶 해맞이광장 — 네이버 장소 번호 일치 (권호 2026-10-10)
nv11830496	tour-3380156	same	광주극장 ↔ 광주극장 — 네이버 장소 번호 일치 (권호 2026-10-10)
nv36314519	MA0101202604A0003860	same	써브웨이 논현역점 ↔ 써브웨이논현역점 — 네이버 장소 번호 일치 (권호 2026-10-10)
nv1625508165	tour-2704119	same	반곡지 ↔ 반곡지 — 네이버 장소 번호 일치 (권호 2026-10-10)
nv18572868	MA010120220802551979	same	오달통분식 ↔ 오달통분식 — 네이버 장소 번호 일치 (권호 2026-10-10)
nv13572079	MA010120220810573884	same	장춘방 ↔ 장춘방 — 네이버 장소 번호 일치 (권호 2026-10-10)
nv1182617857	MA0101202308A0064056	same	같은 카페 — 회동길 10 m, 편의시설 주소에 건물번호가 없고 이름이 짧아 자동으로 못 묶었다 (권호 2026-10-10)
nv34590112	MA0106202201A1912384	same	아쿠아플라넷 일산 ↔ 아쿠아플라넷일산 — 네이버 장소 번호 일치 (권호 2026-10-10)
nv1579699511	MA010120220812496138	same	라플란드 ↔ 라플란드 — 네이버 장소 번호 일치 (권호 2026-10-10)
nv19985662	MA010120220807195320	same	빈해원 ↔ 빈해원 — 네이버 장소 번호 일치 (권호 2026-10-10)
nv1336106729	MA010120220808248471	same	안짱 ↔ 안짱 — 네이버 장소 번호 일치 (권호 2026-10-10)
nv1772373976	MA010120220809301879	same	오성치킨 ↔ 오성치킨 — 네이버 장소 번호 일치 (권호 2026-10-10)
nv20059158	tour-128796	same	별방진 ↔ 별방진 — 네이버 장소 번호 일치 (권호 2026-10-10)
nv1786616997	MA0101202305A0193257	same	써브웨이 서판교점 ↔ 써브웨이서 판교점 — 네이버 장소 번호 일치 (권호 2026-10-10)
nv1855906474	tour-2946402	same	같은 굴 — 16 m, 편의시설 주소가 바로 위 한벽당 (권호 2026-10-10)
nv13491521	tour-129465	same	수주팔봉 ↔ 수주팔봉 — 네이버 장소 번호 일치 (권호 2026-10-10)
nv1793769465	tour-2553819	not	경의선숲길공원과 경의선숲길은 다른 곳 (권호 2026-10-10)
nv19856538	MA010120220811073745	same	함양일두고택 ↔ 함양일두고택 — 네이버 장소 번호 일치 (권호 2026-10-10)
nv11673211	MA0101202502A0088563	same	김수사 ↔ 김수사 — 네이버 장소 번호 일치 (권호 2026-10-10)
nv38466341	tour-2564158	same	광치기해변 ↔ 광치기해변 — 네이버 장소 번호 일치 (권호 2026-10-10)
nv17082282	tour-1945768	same	군산오름 ↔ 군산오름 — 네이버 장소 번호 일치 (권호 2026-10-10)
nv18999832	tour-753558	same	마포대교 ↔ 마포대교 — 네이버 장소 번호 일치 (권호 2026-10-10)
